<?xml version="1.0" encoding="UTF-8" standalone="yes"?>
<addon id="repository.audio.radio_data" name="Radio data Repository" provider-name="glab84" version="0.1.2">
    <requires>
        <import addon="xbmc.addon" version="12.0.0"/>
    </requires>
    <extension point="xbmc.addon.repository">
    <dir>
      <info>https://raw.githubusercontent.com/glab84/repository.audio.radio_data/main/addons.xml</info>
      <checksum>https://raw.githubusercontent.com/glab84/repository.audio.radio_data/main/addons.xml.md5</checksum>
      <datadir>https://github.com/glab84/repository.audio.radio_data/tree/main</datadir>
      <hashes>sha256</hashes>
    </dir>
    </extension>
</addon>
