{
    "menu": [
	{
        	"id": "Fip",
        	"value": "Fip Radio",
        	"fanart": "https://mediateur.radiofrance.fr/wp-content/themes/radiofrance/img/fip.png",
        	"contents": {
        	    "menuitem": [
        	        { "value": "Fip Direct",
        	          "fanart": "https://mediateur.radiofrance.fr/wp-content/themes/radiofrance/img/fip.png",
        	          "stream_url": "https://icecast.radiofrance.fr/fip-hifi.aac",
        	          "radiodata_url": "https://www.radiofrance.fr/api/v2.1/stations/fip/live/webradios/fip",
        	          "radiodata_type": "rf_json_api21"},
        	        { "value": "Fip Nouveautes",
        	          "fanart": "https://cdn.radiofrance.fr/s3/cruiser-production/2019/06/e061141c-f6b4-4502-ba43-f6ec693a049b/200x200_fip-nouveau_ok.jpg",
        	          "stream_url": "https://icecast.radiofrance.fr/fipnouveautes-hifi.aac",
        	          "radiodata_url": "https://www.radiofrance.fr/api/v2.1/stations/fip/live/webradios/fip_nouveautes",
        	          "radiodata_type": "rf_json_api21"},
        	        { "value": "Fip Rock",
        	          "fanart": "https://cdn.radiofrance.fr/s3/cruiser-production/2019/06/f5b944ca-9a21-4970-8eed-e711dac8ac15/200x200_fip-rock_ok.jpg",
        	          "stream_url": "https://icecast.radiofrance.fr/fiprock-hifi.aac",
        	          "radiodata_url": "https://www.radiofrance.fr/api/v2.1/stations/fip/live/webradios/fip_rock",
        	          "radiodata_type": "rf_json_api21"},
        	        { "value": "Fip Jazz",
        	          "fanart": "https://cdn.radiofrance.fr/s3/cruiser-production/2019/06/840a4431-0db0-4a94-aa28-53f8de011ab6/200x200_fip-jazz-01.jpg",
        	          "stream_url": "https://icecast.radiofrance.fr/fipjazz-hifi.aac",
        	          "radiodata_url": "https://www.radiofrance.fr/api/v2.1/stations/fip/live/webradios/fip_jazz",
        	          "radiodata_type": "rf_json_api21"},
        	        { "value": "Fip World",
        	          "fanart": "https://cdn.radiofrance.fr/s3/cruiser-production/2019/06/9a1d42c5-8a36-4253-bfae-bdbfb85cbe14/200x200_fip-monde_ok.jpg",
        	          "stream_url": "https://icecast.radiofrance.fr/fipworld-hifi.aac",
        	          "radiodata_url": "https://www.radiofrance.fr/api/v2.1/stations/fip/live/webradios/fip_world",
        	          "radiodata_type": "rf_json_api21"},
        	        { "value": "Fip Reggae",
        	          "fanart": "https://cdn.radiofrance.fr/s3/cruiser-production/2019/06/15a58f25-86a5-4b1a-955e-5035d9397da3/200x200_fip-reggae_ok.jpg",
        	          "stream_url": "https://icecast.radiofrance.fr/fipreggae-hifi.aac",
        	          "radiodata_url": "https://www.radiofrance.fr/api/v2.1/stations/fip/live/webradios/fip_reggae",
        	          "radiodata_type": "rf_json_api21"},
        	        { "value": "Fip Groove",
        	          "fanart": "https://cdn.radiofrance.fr/s3/cruiser-production/2019/06/3673673e-30f7-4caf-92c6-4161485d284d/200x200_fip-groove_ok.jpg",
        	          "stream_url": "https://icecast.radiofrance.fr/fipgroove-hifi.aac",
        	          "radiodata_url": "https://www.radiofrance.fr/api/v2.1/stations/fip/live/webradios/fip_groove",
        	          "radiodata_type": "rf_json_api21"},
        	        { "value": "Fip Electro",
        	          "fanart": "https://cdn.radiofrance.fr/s3/cruiser-production/2019/06/29044099-6469-4f2f-845c-54e607179806/200x200_fip-electro-ok.jpg",
        	          "stream_url": "https://icecast.radiofrance.fr/fipelectro-hifi.aac",
        	          "radiodata_url": "https://www.radiofrance.fr/api/v2.1/stations/fip/live/webradios/fip_electro",
        	          "radiodata_type": "rf_json_api21"},
        	        { "value": "Fip Pop",
        	          "fanart": "https://cdn.radiofrance.fr/s3/cruiser-production/2020/06/14f16d25-960c-4cf4-8e39-682268b1a0c1/200x200_fip-pop_ok.jpg",
        	          "stream_url": "https://icecast.radiofrance.fr/fippop-hifi.aac",
        	          "radiodata_url": "https://www.radiofrance.fr/api/v2.1/stations/fip/live/webradios/fip_pop",
        	          "radiodata_type": "rf_json_api21"}
        	    ] } },
	{
        	"id": "Rfm",
        	"value": "RFM",
        	"fanart": "https://www.lalettre.pro/photo/art/grande/25950170-26952034.jpg",
        	"contents": {
        	    "menuitem": [
        	        { "value": "RFM direct",
        	          "fanart": "https://cdn-rfm.lanmedia.fr/bundles/rfmintegration/images/logoRFM.png",
        	          "stream_url": "https://ais-live.cloud-services.paris:8443/rfm.mp3",
        	          "radiodata_url": "http://directradio.rfm.fr/rfm/now/3",
        	          "radiodata_type": "rfm_json"},
        	        { "value": "RFM 100 Francais",
        	          "fanart": "https://cdn-rfm.lanmedia.fr/var/rfm/storage/images/programmes/les-webradios/100-francais/50811-7-fre-FR/100-Francais.png",
        	          "stream_url": "https://ais-live.cloud-services.paris:8443/rfm-wr11.aac",
        	          "radiodata_url": "http://directradio.rfm.fr/rfm/now/3011",
        	          "radiodata_type": "rfm_json"},
        	        { "value": "RFM Hit Party",
        	          "fanart": "https://cdn-rfm.lanmedia.fr/var/rfm/storage/images/programmes/les-webradios/rfm-hit-party/171024-19-fre-FR/RFM-Hit-Party.png",
        	          "stream_url": "https://ais-live.cloud-services.paris:8443/rfm-wr8.aac",
        	          "radiodata_url": "http://directradio.rfm.fr/rfm/now/3008",
        	          "radiodata_type": "rfm_json"},
        	        { "value": "RFM Musique Fraiche",
        	          "fanart": "https://cdn-rfm.lanmedia.fr/var/rfm/storage/images/programmes/les-webradios/rfm-musique-fraiche/54039-11-fre-FR/RFM-Musique-Fraiche.png",
        	          "stream_url": "https://ais-live.cloud-services.paris:8443/rfm-wr14.aac",
        	          "radiodata_url": "http://directradio.rfm.fr/rfm/now/3014",
        	          "radiodata_type": "rfm_json"},
        	        { "value": "RFM Collector",
        	          "fanart": "https://cdn-rfm.lanmedia.fr/var/rfm/storage/images/programmes/les-webradios/rfm-collector/3275-3-fre-FR/RFM-Collector.png",
        	          "stream_url": "https://ais-live.cloud-services.paris:8443/rfm-wr8.aac",
        	          "radiodata_url": "http://directradio.rfm.fr/rfm/now/3008",
        	          "radiodata_type": "rfm_json"},
        	        { "value": "RFM Run  Fit",
        	          "fanart": "https://cdn-rfm.lanmedia.fr/var/rfm/storage/images/programmes/les-webradios/run-fit/19356-1-fre-FR/Run-Fit.png",
        	          "stream_url": "https://ais-live.cloud-services.paris:8443/rfm-wr9.aac",
        	          "radiodata_url": "http://directradio.rfm.fr/rfm/now/3009",
        	          "radiodata_type": "rfm_json"},
        	        { "value": "RFM 100 New Wave",
        	          "fanart": "https://cdn-rfm.lanmedia.fr/var/rfm/storage/images/programmes/les-webradios/100-new-wave/30917-9-fre-FR/100-New-Wave.png",
        	          "stream_url": "https://ais-live.cloud-services.paris:8443/rfm-wr12.aac",
        	          "radiodata_url": "http://directradio.rfm.fr/rfm/now/3012",
        	          "radiodata_type": "rfm_json"},
        	        { "value": "RFM Pop Rock",
        	          "fanart": "https://cdn-rfm.lanmedia.fr/var/rfm/storage/images/programmes/les-webradios/rfm-pop-rock/19370-1-fre-FR/RFM-Pop-Rock.png",
        	          "stream_url": "https://ais-live.cloud-services.paris:8443/rfm-wr10.aac",
        	          "radiodata_url": "http://directradio.rfm.fr/rfm/now/3010",
        	          "radiodata_type": "rfm_json"},
        	        { "value": "RFM 70s",
        	          "fanart": "https://cdn-rfm.lanmedia.fr/var/rfm/storage/images/programmes/les-webradios/rfm-70-s/67769-10-fre-FR/RFM-70-s.png",
        	          "stream_url": "https://ais-live.cloud-services.paris:8443/rfm-wr16.aac",
        	          "radiodata_url": "http://directradio.rfm.fr/rfm/now/3016",
        	          "radiodata_type": "rfm_json"},
        	        { "value": "RFM 80s",
        	          "fanart": "https://cdn-rfm.lanmedia.fr/var/rfm/storage/images/programmes/les-webradios/rfm-80-s/3281-3-fre-FR/RFM-80-s.png",
        	          "stream_url": "https://ais-live.cloud-services.paris:8443/rfm-wr4.aac",
        	          "radiodata_url": "http://directradio.rfm.fr/rfm/now/3004",
        	          "radiodata_type": "rfm_json"},
        	        { "value": "RFM Party 90",
        	          "fanart": "https://cdn-rfm.lanmedia.fr/var/rfm/storage/images/programmes/les-webradios/rfm-party-90/7598-1-fre-FR/RFM-Party-90.png",
        	          "stream_url": "https://ais-live.cloud-services.paris:8443/rfm-wr5.aac",
        	          "radiodata_url": "http://directradio.rfm.fr/rfm/now/3005",
        	          "radiodata_type": "rfm_json"},
        	        { "value": "RFM 100 Femmes",
        	          "fanart": "https://cdn-rfm.lanmedia.fr/var/rfm/storage/images/programmes/les-webradios/100-femmes/19322-3-fre-FR/100-Femmes.png",
        	          "stream_url": "https://ais-live.cloud-services.paris:8443/rfm-wr3.aac",
        	          "radiodata_url": "http://directradio.rfm.fr/rfm/now/3003",
        	          "radiodata_type": "rfm_json"},
        	        { "value": "RFM Le HIT",
        	          "fanart": "https://cdn-rfm.lanmedia.fr/var/rfm/storage/images/programmes/les-webradios/le-hit-rfm/3287-8-fre-FR/Le-HIT-RFM.png",
        	          "stream_url": "https://ais-live.cloud-services.paris:8443/rfm-wr7.aac",
        	          "radiodata_url": "http://directradio.rfm.fr/rfm/now/3007",
        	          "radiodata_type": "rfm_json"},
        	        { "value": "RFM Cinema",
        	          "fanart": "https://cdn-rfm.lanmedia.fr/var/rfm/storage/images/programmes/les-webradios/cinema/54025-1-fre-FR/Cinema.png",
        	          "stream_url": "https://ais-live.cloud-services.paris:8443/rfm-wr15.aac",
        	          "radiodata_url": "http://directradio.rfm.fr/rfm/now/3015",
        	          "radiodata_type": "rfm_json"}
		    ] } },
	{
        	"id": "fm",
        	"value": "France Musique",
        	"fanart": "https://mediateur.radiofrance.fr/wp-content/themes/radiofrance/img/france-musique.png",
        	"contents": {
        	    "menuitem": [
        	        { "value": "France Musique",
        	          "fanart": "https://mediateur.radiofrance.fr/wp-content/themes/radiofrance/img/france-musique.png",
        	          "stream_url": "https://icecast.radiofrance.fr/francemusique-hifi.aac",
        	          "radiodata_url": "https://api.radiofrance.fr/livemeta/pull/4",
        	          "radiodata_type": "rf_json"},
        	        { "value": "France Musique Classique Easy",
        	          "fanart": "https://cdn.radiofrance.fr/s3/cruiser-production/2017/06/8ac537e2-bfab-4483-9d0d-3dc7309379bc/fmwebradiosnormaleasy.jpg",
        	          "stream_url": "https://icecast.radiofrance.fr/francemusiqueeasyclassique-hifi.aac",
        	          "radiodata_url": "https://api.radiofrance.fr/livemeta/pull/401",
        	          "radiodata_type": "rf_json"},
        	        { "value": "France Musique La Baroque",
        	          "fanart": "https://cdn.radiofrance.fr/s3/cruiser-production/2020/06/c3029553-3be4-4865-b610-a624c7f94f96/la_baroque_webradio.jpg",
        	          "stream_url": "https://icecast.radiofrance.fr/francemusiquebaroque-hifi.aac",
        	          "radiodata_url": "https://api.radiofrance.fr/livemeta/pull/408",
        	          "radiodata_type": "rf_json"},
        	        { "value": "France Musique Classique Plus",
        	          "fanart": "https://cdn.radiofrance.fr/s3/cruiser-production/2017/05/0dc63f40-241b-4aa8-befe-c520eea6d570/fmwebradiosnormalplus-min.jpg",
        	          "stream_url": "https://icecast.radiofrance.fr/francemusiqueeasyclassique-hifi.aac",
        	          "radiodata_url": "https://api.radiofrance.fr/livemeta/pull/402",
        	          "radiodata_type": "rf_json"},
        	        { "value": "France Musique Concerts",
        	          "fanart": "https://cdn.radiofrance.fr/s3/cruiser-production/2016/12/3fcd2f94-08df-4c1e-b46f-15e07d4189cc/560x315_concerts.jpg",
        	          "stream_url": "https://icecast.radiofrance.fr/francemusiqueconcertsradiofrance-hifi.aac",
        	          "radiodata_url": "https://api.radiofrance.fr/livemeta/pull/403",
        	          "radiodata_type": "rf_json"},
        	        { "value": "France Musique La Jazz",
        	          "fanart": "https://cdn.radiofrance.fr/s3/cruiser-production/2016/12/a2d34823-36a1-4fce-b3fa-f0579e056552/fmwebradiosnormaljazz.jpg",
        	          "stream_url": "https://icecast.radiofrance.fr/francemusiquelajazz-hifi.aac",
        	          "radiodata_url": "https://api.radiofrance.fr/livemeta/pull/405",
        	          "radiodata_type": "rf_json"},
        	        { "value": "France Musique La Contemporaine",
        	          "fanart": "https://cdn.radiofrance.fr/s3/cruiser-production/2016/12/92f9a1f4-5525-4b2a-af13-213ff3b0c0a6/fmwebradiosnormalcontemp.jpg",
        	          "stream_url": "https://icecast.radiofrance.fr/francemusiquelacontemporaine-hifi.aac",
        	          "radiodata_url": "https://api.radiofrance.fr/livemeta/pull/406",
        	          "radiodata_type": "rf_json"},
        	        { "value": "France Musique Ocora Monde",
        	          "fanart": "https://cdn.radiofrance.fr/s3/cruiser-production/2016/12/22b8b3d6-e848-4090-8b24-141c25225861/fmwebradiosnormalocora.jpg",
        	          "stream_url": "https://icecast.radiofrance.fr/francemusiqueocoramonde-hifi.aac",
        	          "radiodata_url": "https://api.radiofrance.fr/livemeta/pull/404",
        	          "radiodata_type": "rf_json"},
        	        { "value": "France Musique La B.O. de Films",
        	          "fanart": "https://cdn.radiofrance.fr/s3/cruiser-production/2017/05/0da83e85-37f1-4dfc-bbdb-94dfc7b8b1f2/fmwebbotout_400.jpg",
        	          "stream_url": "https://icecast.radiofrance.fr/francemusiquelabo-hifi.aac",
        	          "radiodata_url": "https://api.radiofrance.fr/livemeta/pull/407",
        	          "radiodata_type": "rf_json"}
		    ] } },
	{
        	"id": "mouv",
        	"value": "MOUV'",
        	"fanart": "https://mediateur.radiofrance.fr/wp-content/themes/radiofrance/img/mouv-carre.png",
        	"contents": {
        	    "menuitem": [
        	        { "value": "MOUV'",
        	          "fanart": "",
        	          "stream_url": "https://icecast.radiofrance.fr/mouv-hifi.aac",
        	          "radiodata_url": "https://api.radiofrance.fr/livemeta/pull/6",
        	          "radiodata_type": "rf_json"},
        	        { "value": "MOUV' Xtra",
        	          "fanart": "",
        	          "stream_url": "http://direct.mouv.fr/live/mouvxtra-midfi.mp3?ID=33c5hej2c2",
        	          "radiodata_url": "https://api.radiofrance.fr/livemeta/pull/75",
        	          "radiodata_type": "rf_json"},
        	        { "value": "MOUV' Classics",
        	          "fanart": "",
        	          "stream_url": "https://icecast.radiofrance.fr/mouvclassics-hifi.aac",
        	          "radiodata_url": "https://www.mouv.fr/latest/api/graphql?operationName=NowWebradio&variables=%7B%22stationId%22%3A601%7D&&extensions=%7B%22persistedQuery%22%3A%7B%22version%22%3A1%2C%22sha256Hash%22%3A%22a6f39630b68ceb8e56340a4478e099d05c9f5fc1959eaccdfb81e2ce295d82a5%22%7D%7D",
        	          "radiodata_type": "rf_json_basic"},
        	        { "value": "MOUV' Dancehall",
        	          "fanart": "",
        	          "stream_url": "https://icecast.radiofrance.fr/mouvdancehall-hifi.aac",
        	          "radiodata_url": "https://www.mouv.fr/latest/api/graphql?operationName=NowWebradio&variables=%7B%22stationId%22%3A602%7D&&extensions=%7B%22persistedQuery%22%3A%7B%22version%22%3A1%2C%22sha256Hash%22%3A%22a6f39630b68ceb8e56340a4478e099d05c9f5fc1959eaccdfb81e2ce295d82a5%22%7D%7D",
        	          "radiodata_type": "rf_json_basic"},
        	        { "value": "MOUV' R'N'B",
        	          "fanart": "",
        	          "stream_url": "https://icecast.radiofrance.fr/mouvrnb-hifi.aac",
        	          "radiodata_url": "https://www.mouv.fr/latest/api/graphql?operationName=NowWebradio&variables=%7B%22stationId%22%3A603%7D&&extensions=%7B%22persistedQuery%22%3A%7B%22version%22%3A1%2C%22sha256Hash%22%3A%22a6f39630b68ceb8e56340a4478e099d05c9f5fc1959eaccdfb81e2ce295d82a5%22%7D%7D",
        	          "radiodata_type": "rf_json_basic"},
        	        { "value": "MOUV' RAP US",
        	          "fanart": "",
        	          "stream_url": "https://icecast.radiofrance.fr/mouvrapus-hifi.aac",
        	          "radiodata_url": "https://www.mouv.fr/latest/api/graphql?operationName=NowWebradio&variables=%7B%22stationId%22%3A604%7D&&extensions=%7B%22persistedQuery%22%3A%7B%22version%22%3A1%2C%22sha256Hash%22%3A%22a6f39630b68ceb8e56340a4478e099d05c9f5fc1959eaccdfb81e2ce295d82a5%22%7D%7D",
        	          "radiodata_type": "rf_json_basic"},
        	        { "value": "MOUV' RAP FR",
        	          "fanart": "",
        	          "stream_url": "https://icecast.radiofrance.fr/mouvrapfr-hifi.aac",
        	          "radiodata_url": "https://www.mouv.fr/latest/api/graphql?operationName=NowWebradio&variables=%7B%22stationId%22%3A605%7D&&extensions=%7B%22persistedQuery%22%3A%7B%22version%22%3A1%2C%22sha256Hash%22%3A%22a6f39630b68ceb8e56340a4478e099d05c9f5fc1959eaccdfb81e2ce295d82a5%22%7D%7D",
        	          "radiodata_type": "rf_json_basic"},
        	        { "value": "MOUV' Kids'n Family",
        	          "fanart": "",
        	          "stream_url": "https://icecast.radiofrance.fr/mouvkidsnfamily-hifi.aac",
        	          "radiodata_url": "https://www.mouv.fr/latest/api/graphql?operationName=NowWebradio&variables=%7B%22stationId%22%3A606%7D&&extensions=%7B%22persistedQuery%22%3A%7B%22version%22%3A1%2C%22sha256Hash%22%3A%22a6f39630b68ceb8e56340a4478e099d05c9f5fc1959eaccdfb81e2ce295d82a5%22%7D%7D",
        	          "radiodata_type": "rf_json_basic"},
        	        { "value": "MOUV' 100% Mix",
        	          "fanart": "",
        	          "stream_url": "https://icecast.radiofrance.fr/mouv100p100mix-hifi.aac",
        	          "radiodata_url": "https://api.radiofrance.fr/livemeta/pull/75",
        	          "radiodata_type": "rf_json"}
		    ] } },
	{
        	"id": "jazzradio",
        	"value": "Jazz Radio",
        	"fanart": "https://www.jazzradio.fr/media/option/logo-jazzradio.png",
        	"contents": {
        	    "menuitem": [
        	        { "value": "Jazz Radio",
        	          "fanart": "https://www.jazzradio.fr/media/option/logo-jazzradio.png",
        	          "stream_url": "http://jazzradio.ice.infomaniak.ch/jazzradio-high.aac",
        	          "radiodata_url": "http://www.jazzradio.fr/winradio/prog.xml",
        	          "radiodata_type": "jazzradio_xml"},
        	        { "value": "Jazz Radio Blues",
        	          "fanart": "https://www.jazzradio.fr/media/article/image//thumb.png",
        	          "stream_url": "http://jazzblues.ice.infomaniak.ch/jazzblues-high.aac",
        	          "radiodata_url": "http://www.jazzradio.fr/winradio/prog3.xml",
        	          "radiodata_type": "jazzradio_xml"}
		    ] } }
    ]
}
