<?xml version="1.0" encoding="UTF-8" standalone="yes"?>
<addon id="repository.audio.radio_data" name="Radio data Repository" provider-name="glab84" version="0.1.4">
    <requires>
        <import addon="xbmc.addon" version="12.0.0"/>
    </requires>
    <extension point="xbmc.addon.repository">
    <dir>
      <info>https://raw.githubusercontent.com/glab84/repository.audio.radio_data/main/addons.xml</info>
      <checksum>https://raw.githubusercontent.com/glab84/repository.audio.radio_data/main/addons.xml.md5</checksum>
      <datadir zip="true">https://raw.githubusercontent.com/glab84/repository.audio.radio_data/main/zips</datadir>
    </dir>
    <dir minversion="20.0.0" maxversion="22.9.0">
      <info>https://raw.githubusercontent.com/glab84/repository.audio.radio_data/main/addons.xml</info>
      <checksum>https://raw.githubusercontent.com/glab84/repository.audio.radio_data/main/addons.xml.md5</checksum>
      <datadir zip="true">https://raw.githubusercontent.com/glab84/repository.audio.radio_data/main/zips</datadir>
    </dir>
    </extension>
</addon>
