{
    "menu": [
	{
        	"id": "Fip",
        	"value": "Fip Radio",
        	"fanart": "https://mediateur.radiofrance.fr/wp-content/themes/radiofrance/img/fip.png",
        	"rf_url_json": "https://www.radiofrance.fr/fip/api/live/webradios"
        	    },
	{
        	"id": "Mouv",
        	"value": "Mouv Radio",
        	"fanart": "https://mediateur.radiofrance.fr/wp-content/themes/radiofrance/img/mouv-carre.png",
        	"rf_url_json": "https://www.radiofrance.fr/mouv/api/live/webradios"
        	    },
	{
        	"id": "France-Musique",
        	"value": "France Musique",
        	"fanart": "https://mediateur.radiofrance.fr/wp-content/themes/radiofrance/img/france-musique.png",
        	"rf_url_json": "https://www.radiofrance.fr/francemusique/api/live/webradios"
        	    },
	{
        	"id": "France-Bleu",
        	"value": "France Bleu",
        	"fanart": "https://www.radiofrance.fr/s3/cruiser-production/2022/07/8f2647f3-5cd5-48a5-96f4-82e45ca8c04b/250x250_france-bleu.webp",
        	"rf_url_json": "https://www.radiofrance.fr/francebleu/api/live/webradios"
        	    },
	{
        	"id": "France-Inter",
        	"value": "France Inter",
        	"fanart": "https://www.radiofrance.fr/s3/cruiser-production/2023/06/d617a3c3-4427-46e5-a4a7-dde378de4d1d/250x250_sc_france-inter.webp",
        	"rf_url_json": "https://www.radiofrance.fr/franceinter/api/live/webradios"
        	    },
	{
        	"id": "France-Info",
        	"value": "France Info",
        	"fanart": "https://www.radiofrance.fr/s3/cruiser-production/2020/01/fc841585-19ef-4841-9e06-fd387fb58111/250x250_car_playable_franceinfo.webp",
        	"rf_url_json": "https://www.radiofrance.fr/franceinfo/api/live/webradios"
        	    },
	{
        	"id": "Rfm",
        	"value": "RFM",
        	"fanart": "https://www.lalettre.pro/photo/art/grande/25950170-26952034.jpg",
        	"contents": {
        	    "menuitem": [
        	        { "value": "RFM direct",
        	          "fanart": "https://cdn-rfm.lanmedia.fr/bundles/rfmintegration/images/logoRFM.png",
        	          "stream_url": "https://ais-live.cloud-services.paris:8443/rfm.mp3",
        	          "radiodata_url": "http://directradio.rfm.fr/rfm/now/3",
        	          "radiodata_type": "rfm_json"},
        	        { "value": "RFM 100 Francais",
        	          "fanart": "https://cdn-rfm.lanmedia.fr/var/rfm/storage/images/programmes/les-webradios/100-francais/50811-7-fre-FR/100-Francais.png",
        	          "stream_url": "https://ais-live.cloud-services.paris:8443/rfm-wr11.aac",
        	          "radiodata_url": "http://directradio.rfm.fr/rfm/now/3011",
        	          "radiodata_type": "rfm_json"},
        	        { "value": "RFM Hit Party",
        	          "fanart": "https://cdn-rfm.lanmedia.fr/var/rfm/storage/images/programmes/les-webradios/rfm-hit-party/171024-19-fre-FR/RFM-Hit-Party.png",
        	          "stream_url": "https://ais-live.cloud-services.paris:8443/rfm-wr8.aac",
        	          "radiodata_url": "http://directradio.rfm.fr/rfm/now/3008",
        	          "radiodata_type": "rfm_json"},
        	        { "value": "RFM Musique Fraiche",
        	          "fanart": "https://cdn-rfm.lanmedia.fr/var/rfm/storage/images/programmes/les-webradios/rfm-musique-fraiche/54039-11-fre-FR/RFM-Musique-Fraiche.png",
        	          "stream_url": "https://ais-live.cloud-services.paris:8443/rfm-wr14.aac",
        	          "radiodata_url": "http://directradio.rfm.fr/rfm/now/3014",
        	          "radiodata_type": "rfm_json"},
        	        { "value": "RFM Collector",
        	          "fanart": "https://cdn-rfm.lanmedia.fr/var/rfm/storage/images/programmes/les-webradios/rfm-collector/3275-3-fre-FR/RFM-Collector.png",
        	          "stream_url": "https://ais-live.cloud-services.paris:8443/rfm-wr8.aac",
        	          "radiodata_url": "http://directradio.rfm.fr/rfm/now/3008",
        	          "radiodata_type": "rfm_json"},
        	        { "value": "RFM Run  Fit",
        	          "fanart": "https://cdn-rfm.lanmedia.fr/var/rfm/storage/images/programmes/les-webradios/run-fit/19356-1-fre-FR/Run-Fit.png",
        	          "stream_url": "https://ais-live.cloud-services.paris:8443/rfm-wr9.aac",
        	          "radiodata_url": "http://directradio.rfm.fr/rfm/now/3009",
        	          "radiodata_type": "rfm_json"},
        	        { "value": "RFM 100 New Wave",
        	          "fanart": "https://cdn-rfm.lanmedia.fr/var/rfm/storage/images/programmes/les-webradios/100-new-wave/30917-9-fre-FR/100-New-Wave.png",
        	          "stream_url": "https://ais-live.cloud-services.paris:8443/rfm-wr12.aac",
        	          "radiodata_url": "http://directradio.rfm.fr/rfm/now/3012",
        	          "radiodata_type": "rfm_json"},
        	        { "value": "RFM Pop Rock",
        	          "fanart": "https://cdn-rfm.lanmedia.fr/var/rfm/storage/images/programmes/les-webradios/rfm-pop-rock/19370-1-fre-FR/RFM-Pop-Rock.png",
        	          "stream_url": "https://ais-live.cloud-services.paris:8443/rfm-wr10.aac",
        	          "radiodata_url": "http://directradio.rfm.fr/rfm/now/3010",
        	          "radiodata_type": "rfm_json"},
        	        { "value": "RFM 70s",
        	          "fanart": "https://cdn-rfm.lanmedia.fr/var/rfm/storage/images/programmes/les-webradios/rfm-70-s/67769-10-fre-FR/RFM-70-s.png",
        	          "stream_url": "https://ais-live.cloud-services.paris:8443/rfm-wr16.aac",
        	          "radiodata_url": "http://directradio.rfm.fr/rfm/now/3016",
        	          "radiodata_type": "rfm_json"},
        	        { "value": "RFM 80s",
        	          "fanart": "https://cdn-rfm.lanmedia.fr/var/rfm/storage/images/programmes/les-webradios/rfm-80-s/3281-3-fre-FR/RFM-80-s.png",
        	          "stream_url": "https://ais-live.cloud-services.paris:8443/rfm-wr4.aac",
        	          "radiodata_url": "http://directradio.rfm.fr/rfm/now/3004",
        	          "radiodata_type": "rfm_json"},
        	        { "value": "RFM Party 90",
        	          "fanart": "https://cdn-rfm.lanmedia.fr/var/rfm/storage/images/programmes/les-webradios/rfm-party-90/7598-1-fre-FR/RFM-Party-90.png",
        	          "stream_url": "https://ais-live.cloud-services.paris:8443/rfm-wr5.aac",
        	          "radiodata_url": "http://directradio.rfm.fr/rfm/now/3005",
        	          "radiodata_type": "rfm_json"},
        	        { "value": "RFM 100 Femmes",
        	          "fanart": "https://cdn-rfm.lanmedia.fr/var/rfm/storage/images/programmes/les-webradios/100-femmes/19322-3-fre-FR/100-Femmes.png",
        	          "stream_url": "https://ais-live.cloud-services.paris:8443/rfm-wr3.aac",
        	          "radiodata_url": "http://directradio.rfm.fr/rfm/now/3003",
        	          "radiodata_type": "rfm_json"},
        	        { "value": "RFM Le HIT",
        	          "fanart": "https://cdn-rfm.lanmedia.fr/var/rfm/storage/images/programmes/les-webradios/le-hit-rfm/3287-8-fre-FR/Le-HIT-RFM.png",
        	          "stream_url": "https://ais-live.cloud-services.paris:8443/rfm-wr7.aac",
        	          "radiodata_url": "http://directradio.rfm.fr/rfm/now/3007",
        	          "radiodata_type": "rfm_json"},
        	        { "value": "RFM Cinema",
        	          "fanart": "https://cdn-rfm.lanmedia.fr/var/rfm/storage/images/programmes/les-webradios/cinema/54025-1-fre-FR/Cinema.png",
        	          "stream_url": "https://ais-live.cloud-services.paris:8443/rfm-wr15.aac",
        	          "radiodata_url": "http://directradio.rfm.fr/rfm/now/3015",
        	          "radiodata_type": "rfm_json"}
		    ] } },
	{
        	"id": "jazzradio",
        	"value": "Jazz Radio",
        	"fanart": "https://www.jazzradio.fr/media/option/logo-jazzradio.png",
        	"contents": {
        	    "menuitem": [
        	        { "value": "Jazz Radio",
        	          "fanart": "https://www.jazzradio.fr/media/option/logo-jazzradio.png",
        	          "stream_url": "http://jazzradio.ice.infomaniak.ch/jazzradio-high.aac",
        	          "radiodata_url": "http://www.jazzradio.fr/winradio/prog.xml",
        	          "radiodata_type": "jazzradio_xml"},
        	        { "value": "Jazz Radio Blues",
        	          "fanart": "https://www.jazzradio.fr/media/article/image//thumb.png",
        	          "stream_url": "http://jazzblues.ice.infomaniak.ch/jazzblues-high.aac",
        	          "radiodata_url": "http://www.jazzradio.fr/winradio/prog3.xml",
        	          "radiodata_type": "jazzradio_xml"}
		    ] } }
    ]
}
